{"cameraMode":{"drawMode":0,"name":"Shaded","section":"Shading Mode"},"sceneLighting":true,"audioPlay":false,"sceneViewState":{"m_AlwaysRefresh":false,"showFog":true,"showSkybox":true,"showFlares":true,"showImageEffects":true,"showParticleSystems":true,"showVisualEffectGraphs":true,"m_FxEnabled":true},"in2DMode":false,"pivot":{"x":15.084310531616211,"y":-178.5852813720703,"z":79.13804626464844},"rotation":{"x":0.5697771906852722,"y":0.0060979570262134079,"z":-0.004693754483014345,"w":0.8217114806175232},"size":109.63558959960938,"orthographic":false}